MT_iCHOv1_final,MT_iHsa,MT_iMM1415,MT_iRno,MT_recon_1,MT_recon_2_2_entrez
100756666,10,11754,100049583,100,6005
100767789,100,237940,100125370,10005,622
100771815,10005,76507,100145871,10005,6120
100771382,10007,13081,100158233,10005.3,22934
100762635,100129518,13115,100169747,10007,6240
100762926,100137049,217593,100190936,10020,6241
100763954,10020,20503,100216475,10026,635
100773901,10026,80879,100301568,10050,23743
100753544,100302263,20501,100359675,10057,1757
100758590,10038,54403,100359680,10057,6303
100769643,10039,232156,100359879,10087,6307
100764411,10050,18293,100359886,10090,6309
100759668,100507855,27402,100359982,10157,6319
100759957,100509620,13382,100360180,10164,6342
100773186,100526760,78920,100360507,10165,644
100767149,100526794,12846,100360582,10166,645
100767921,100526830,56847,100360621,10195,6389
100768211,100526832,11670,100361138,10195,6390
100768783,100526835,222,100361492,10195.3,6391
100769255,100529261,67689,100361529,10195.4,6392
100755384,10056,15445,100361574,10201,10993
100773614,10057,268860,100362333,10229,9869
100750743,10058,70750,100362350,10246,43
100689241,100861540,107766,100362644,10257,8879
100689034,10087,52430,100363253,10312,6448
100772358,10090,70266,100364027,10312,6470
100754462,100996643,23923,100364062,10317,6472
100755851,100996939,13195,100364990,10317,6476
100753681,101060521,227095,100365773,10317.3,6480
100750508,10130,109731,100365872,10317.4,6482
100771066,10134,17161,100365921,10317.5,6483
100765891,10135,11432,100909505,10327,6484
100754177,10157,78830,100909595,10327,6487
100751269,10162,50799,100909857,10331,10610
100771787,10164,14417,100910067,1036,6489
100766524,10165,246277,100910122,10380,8869
100689207,10166,14415,100910143,10390,6554
100769182,10170,14718,100910414,10396,6555
100758439,10171,14719,100910462,1040,6556
100769100,101927705,212647,100910486,10400,4891
100766230,101928195,17250,100910526,10400,30061
100767445,101928635,20859,100910671,10400.3,6557
100762904,101929583,20509,100910685,10402,6558
100753124,101929829,11761,100910717,10423,6559
100689225,101929857,19378,100910780,10423,6560
100761464,101929880,56752,100910881,10476,9990
100755154,101930168,11671,100911093,10476,10723
100773433,10195,11668,100911116,10554,6561
100773723,10201,110695,100911132,10555,9058
100768002,102157402,72535,100911154,10558,6563
100764842,10226,11669,100911156,10559,8170
100761026,10229,15930,100911165,10560,6564
100770177,10243,214084,100911305,10568,6565
100750622,10246,110877,100911394,10587,6566
100771717,10249,239559,100911417,10587,6567
100755179,10257,333424,100911440,10587.3,9123
100760749,10269,78894,100911499,10588,9194
100768227,10295,215335,100911515,10599,6568
100755596,10312,232333,100911581,10606,669
100761706,10317,243616,100911615,10610,10246
100768654,10321,14412,100911625,10632,10786
100757658,10327,14411,100911721,10654,10050
100757371,10331,224530,100911750,10678,26503
100768367,10352,110446,100911822,10678,6570
100756509,1036,231086,100911840,10682,6571
100758951,10380,97212,100912430,10690,6572
100763332,10390,113868,100912521,107,6573
100772304,1040,107476,100912534,10723,10560
100756470,10400,100705,100912604,10768,6505
100751303,10402,60525,102238592,10768,6506
100765516,10423,68738,102548778,10786,6507
100772225,10434,11416,102549542,10797,6509
100764994,10449,19703,102550391,108,6510
100764462,10455,54342,102550988,10840,6511
100754996,10476,56174,102552199,10841,6512
100689064,10478,109785,102555079,10841,6574
100770347,10514,327942,102555172,10846,6575
100771827,10554,217214,103689983,10858,28232
100766079,10555,11423,103694877,10861,28231
100774763,10558,20508,113901,10861,6578
100752744,10559,104112,113902,10861.3,6579
100770052,1056,94181,113917,10870,10599
100757947,10560,235504,113918,10873,10380
100758239,10568,11364,113919,109,28234
100774025,10585,66885,113956,10905,11309
100754654,10587,229211,113965,10919,6580
100754698,10588,71985,113976,10919,6582
100768055,10599,102632,114002,10935,6581
103161104,10606,66948,114022,10935,6583
100765075,10610,11409,114023,10948,6584
100753207,10621,56357,114024,10965,9356
100773063,10622,74156,114027,10975,10864
100773731,10623,11430,114089,10991,9376
103158732,10632,14104,114096,10993,9962
100755259,10637,109652,114097,10998,9963
100767387,10654,11428,114100,10999,9187
100762811,1066,64602,114101,11000,25769
100753783,10667,11429,114104,11001,57419
100766150,10678,93732,114106,1103,123041
100753866,10682,11431,114113,1103,6576
100772003,10690,57279,114123,1103.3,1468
100770096,107,13106,114205,1103.4,8402
100766200,10714,66204,114209,11041,8604
100768637,10715,69519,114245,11046,10165
100760589,10721,75572,114507,1109,9016
100756512,10723,11486,114508,111,10166
100689389,10728,13340,114518,11112,8034
100763756,10768,71279,114554,11136,83733
100767729,10786,11636,114597,11164,5250
100762297,10797,78801,114613,1118,291
100750547,108,229949,114628,11181,292
100754678,10809,56248,114629,11182,293
100762838,10826,11702,114630,11185,10861
100768220,10840,210044,114633,1119,1836
100752686,10841,104110,114700,1119,376497
100751959,10855,11512,114711,112,11001
100769710,10858,224129,114768,112,11000
100770821,10861,11513,114846,1120,10999
100751672,10864,271639,114860,1120,10998
100752902,10873,11515,116455,11212,28965
100769754,109,432530,116482,11226,9154
100772576,10901,104111,116483,11227,9153
100750893,10905,11514,116509,11238,2030
100751213,10908,11534,116550,112483,3177
100770943,10914,63959,116551,11253,6513
100774097,10948,269346,116552,11254,6514
100766828,10954,114304,116568,112611,6515
100768407,10965,434203,116569,112724,6517
100775004,10991,53893,116593,11282,6518
100772122,10993,74167,116598,11282,7779
100756769,10998,12494,116599,11283,140679
100763623,10999,11821,116601,11285,6569
100771517,11000,12895,116631,113,10568
100689351,11001,12894,116632,113026,10559
100689208,11019,78070,116638,11309,7355
100689407,1103,12896,116642,113189,23443
100774860,11041,23972,116664,11320,54020
100755842,11044,23971,116676,113235,6519
100765800,11046,11564,116682,11343,6520
100766093,1109,11565,116684,11343,6521
100752749,111,11566,116686,113451,6522
100760370,11101,284208,116699,113452,6508
100752493,11102,232984,116719,114,8671
100752445,11112,108902,116720,114112,9497
100761966,11128,72297,116721,114134,9498
100754792,11136,227327,116723,114805,83697
100751684,11145,53625,116726,115,6523
100774101,1116,231727,116740,115019,6524
100773187,11163,245847,117017,115019,6526
100763902,11164,75986,117035,115111,6528
100769511,11165,68262,117037,115111,8884
100689188,1118,102247,117041,1152,6529
100769795,11181,52123,117045,115286,6538
100751194,11182,67512,117098,115286,6539
100758864,11185,55979,117099,115286.3,6540
100769158,1119,28169,117100,115584,11254
100762871,112,56454,117108,1158,6530
100762288,1120,228061,117182,1159,6531
100767098,11201,71760,117240,1160,6532
100754504,11212,268782,117243,116255,9152
100689176,11219,11611,117261,116285,6533
100772617,11232,269378,117267,116369,6534
100771829,11238,229709,117276,116369,6535
100757803,11240,15211,117278,117247,6536
100761922,112476,15212,117533,117248,6541
100770731,112483,108147,117543,117283,56301
100689315,11253,67054,117544,1178,23657
100760895,11254,67863,117554,118881,6542
100767052,112611,114644,117558,121278,84889
100770833,11277,77337,117596,122481,8140
100752285,112817,83702,117955,122622,9057
100689464,11282,208665,140447,122622,9056
100774298,11283,20514,140448,123041,23428
100689220,11284,55963,140544,123041,11136
100765026,11285,17254,140547,123041.3,6546
100765404,113,53896,140607,124,6543
100760799,113026,114863,140608,124583,6547
100765653,11309,11656,140638,124637,6548
100766001,11316,26912,140668,124935,6549
100771487,113189,11655,140669,125,6550
100771780,11320,108682,140671,125206,389015
100759060,113235,76282,140693,125965,6553
100761164,11332,11988,140860,126,6609
100755796,11343,105727,140866,126129,6610
100762019,113451,11989,140868,126328,6611
100767335,113452,11987,140910,126792,6646
100750672,113612,56774,140915,127,8435
100754900,113675,67760,140925,127124,6647
100755962,114,69354,140944,127124,6648
100760402,114112,76257,140946,128,6649
100757051,114134,209837,154985,128869,6652
100757917,114571,58810,155192,129807,686
100773231,114770,11650,155205,13,8877
s0001,114771,76768,156275,130,6697
100755213,1149,11647,157074,130013,10558
100769905,115,11684,170465,130752,9517
100764546,115019,11686,170509,131,6713
100765887,115024,11687,170551,1312,6715
100759612,115111,11688,170566,1312,6716
100763633,1152,11689,170567,131669,6723
100773003,115286,11677,170570,132,6783
100774258,1155,110198,170573,132,412
100766754,115584,17117,170587,1327,8803
100767558,1158,50798,170588,132789,8802
100759262,1159,67582,170635,1329,8801
100752129,1160,109674,170667,1337,6817
100765865,116085,11717,170670,1339,6799
100774950,116179,229665,170699,1340,6818
100754190,116255,16790,170818,1345,6822
100765567,116285,280,170840,134526,6820
100774029,116369,100043684,170897,1346,6821
100764508,116519,11722,170898,1347,6839
100770310,116969,30962,170911,1349,47
100750908,117247,20532,170919,1350,8867
100756706,117283,66401,170924,1351,8871
100773299,119391,242669,170943,135152,6888
100761956,119548,330836,171015,1371,6898
100752981,1200,11846,171028,1373,6916
100758999,120103,11847,171049,1373,10312
100750825,120227,109900,171053,1374,48
100753506,1208,11898,171072,1375,6999
100770570,121278,83885,171079,1375,7054
100774864,1215,18408,171080,1375.3,50
100767281,122481,11883,171082,1375.4,7083
100766656,122618,11886,171087,1376,7084
100769228,122622,54338,171088,137872,7086
100769616,122830,20522,171115,137964,8277
100770888,122970,66514,171133,1384,7108
100759273,123,27053,171135,1384,51
100751558,123041,69719,171142,1384.3,8309
100772598,123096,242607,171144,140679,7166
100760137,123099,20511,171147,142680,7167
100758981,123263,20512,171148,1431,7173
100761450,123264,20510,171151,1431,7177
100774471,123283,20513,171155,144195,8310
100758335,123688,12497,171162,145226,52
100752599,123745,12499,171163,1468,11181
100770342,123803,215446,171178,1491,53
100768567,123876,12496,171341,1491,7263
100762692,124,12495,171347,15,7264
100773918,1244,11958,171352,1503,54
100773344,124454,18195,171373,151531,7296
100750886,124583,11947,171374,1537,7298
100770901,124637,514,171375,154091,7299
100766143,124935,11950,171385,1543,7306
100763775,124975,66043,171397,1544,6675
100767384,125,100039108,171400,1545,55
100750430,125061,11946,171402,1548,7350
100765522,125206,10476,171408,1551,7351
100768667,125965,57423,171410,155184,7352
100757617,125981,627998,171445,1553,7357
100767730,126,228033,171458,1557,7358
100750437,126129,11957,171496,1558,7360
100773217,126410,11949,171516,1558,54658
100751159,1267,11951,171518,1559,54575
100764745,126792,21871,171522,1562,54659
100771685,126969,110935,171525,1565,54657
100768413,127,11974,171566,1571,54579
100757367,127124,11964,171572,1572,54578
100760313,128,66290,191569,157506,54577
100773077,128486,114143,191574,1576,54576
100753604,128869,140494,191575,1577,54600
100760718,129607,242341,191576,1579,7365
100758209,129642,68775,192172,158,10720
100763191,13,73834,192178,158,7366
100763478,130,66335,192208,1581,7367
100771378,130013,27060,192215,1582,7363
100757379,130367,11975,192227,1583,7364
100765669,130589,11973,192241,1584,7368
100755928,130752,66144,192242,1585,7371
100757298,131,74915,192252,1586,7372
100689320,1312,11966,192259,1588,7378
100757585,1314,11972,192260,1588,7381
100766142,1315,11984,192263,1589,7384
100768229,131669,338375,192268,159,7385
100769981,1317,108664,192270,1591,7386
100759611,131890,66237,192272,1593,7388
100761317,132,11740,192273,1594,7389
100758236,132158,433923,192275,1595,7390
100764911,1327,11739,192280,159963,8876
100773154,132789,73744,192357,160287,8875
100752949,1329,17159,24157,1603,7498
100762640,133121,26879,24158,1606,9942
100761861,133686,54218,24159,1607,57379
100769027,1337,93961,24161,1607,267020
103159861,1339,108105,24162,160728,57834
100767475,1340,12012,24165,1608,50506
100763581,134429,110948,24172,160851,9446
100756251,1345,22348,24179,160851,50814
100763292,134526,170442,24183,1609,30814
100756975,135152,63857,24184,1610,81031
100751875,1352,71911,24186,1621,155184
100757832,1356,208211,24188,162417,81539
100766724,1357,64918,24189,162466,54407
100756142,1358,12116,24190,1629,54490
100755263,1359,109778,24191,1632,51382
100755554,1371,233016,24192,1633,10331
100759469,1373,55981,24197,1635,10396
100755850,137362,23827,24203,1638,57194
100771562,1374,26363,24211,1644,59272
100689023,1375,330064,24212,1645,759
100689024,1376,80721,24213,1650,8560
100773189,137872,103149,24214,166012,771
100689025,137902,110173,24215,166785,23632
100771580,137964,73166,24216,170712,9114
100760145,138050,11992,24217,171425,58508
100756146,1384,51798,24240,171425,760
100763203,138428,74147,24242,1716,10249
100756336,138429,18194,24244,1716,761
100760403,138639,15488,24248,1716.3,762
100757983,139189,66234,24250,1716.4,763
100762932,139596,11941,24254,1716.5,11238
100764091,139728,320707,24264,1717,765
100756633,140679,67972,24265,1718,766
100757714,140733,381290,24267,1719,57282
100765478,140838,27416,24268,1723,29988
100763232,141,239273,24269,1737,53630
100757463,142,12359,24294,1738,56548
100772065,142680,20541,24296,1743,57468
100773795,142689,110893,24297,175,53919
100774089,1429,110891,24298,1757,767
100771783,143,109136,24299,178,768
100774844,1431,14378,24303,178,64240
100774549,144193,68401,24307,178.3,64241
100772227,144195,14377,24309,178.4,60482
100771949,144245,227231,24310,178.5,480
100760390,145226,12408,24311,178.6,23430
100769849,1455,52858,24312,1786,64499
100772435,145553,74596,24314,1787,10919
100752607,146712,110911,24333,1787,9091
100756257,1468,99712,24334,1787.3,84264
100754196,146802,212862,24346,1787.4,64711
100755419,147323,223753,24360,1787.5,788
100768750,148867,68018,24362,1787.6,66035
100751666,1490,57738,24368,1788,790
100758600,1491,12642,24375,1788,55512
100751940,15,12647,24377,1788.3,10632
100752401,1503,237928,24379,1788.4,64850
100757688,150465,236899,24380,1789,60386
100766426,150763,13026,24382,1789,89874
100758427,151056,20494,24383,1789.3,64902
100772751,151230,20493,24384,1789.4,6785
100761676,151531,27413,24385,1798,54898
100767722,151742,76408,24390,1798,64834
100757328,153201,218865,24398,18,50700
100761937,1537,12660,24399,18,64849
100753937,154091,12651,24401,1806,115111
100772492,154141,63993,24404,1807,116369
100764768,1543,20518,24421,1808,115019
100764471,1544,20520,24422,1809,284129
100759241,1545,54200,24423,1811,65010
100765057,1548,11303,24424,1836,55586
100765441,1549,59045,24426,1841,57127
100762876,155066,81600,24434,1854,9583
100689020,1551,67729,24439,189,10455
103163344,155184,71884,24443,1890,85320
100752270,1553,69634,24450,1891,55089
100689019,1555,20500,24451,1892,83549
100761725,1557,237831,24465,19,80271
100774306,1558,13358,24479,191,25830
100754473,1559,76722,24513,192134,377677
100764916,156,1159,24523,195814,94005
100751220,1562,12709,24528,1962,51604
100754187,1565,12715,24530,196883,847
100750691,157,23985,24533,197257,29124
100764455,1571,171429,24534,197257,81490
100774867,1572,224661,24538,197258,8854
100772743,1573,208890,24539,200010,873
100760306,157506,13521,24546,200576,874
100770100,1576,13487,24551,200576,875
100766043,1577,320718,24552,200576.3,64131
100756252,1579,66586,24565,2023,64132
100762824,158,24060,24591,2026,10678
100751584,1580,12764,24594,2027,883
100751853,158067,73132,245958,2027,29785
100773278,1581,436059,245959,203,79369
100759356,1582,230027,245960,2030,84002
100754734,1583,217707,245961,204,11041
100767061,1584,12850,245965,204,93979
103163008,1585,272411,24598,204.3,56953
100770922,1586,72077,24599,205,128869
100772859,1588,14537,24600,205,55902
100770995,158833,12892,246074,205.3,26266
100770936,158835,6537,24609,206358,79071
100764429,1589,102857,246115,2098,80025
100767580,159,30805,246136,210,23236
100689317,1591,12908,24616,210,10005
100752385,1592,74114,24618,2108,54963
100755385,1593,12974,2462,2109,114134
100763147,1594,51797,246211,2109,89872
100766362,1595,55936,246232,211,10728
100765639,159963,22117,246233,211,57486
100754969,16,67003,246234,2110,51022
100770830,160287,66594,246235,212,84532
100765856,1603,66152,24624,2131,140838
100770803,160428,17711,246245,2132,54675
100767985,1606,22273,246246,2132,113278
100767598,1607,22272,246247,2134,84701
100769652,160728,67530,246248,2135,55304
100754874,1608,66694,246263,2137,80704
100760284,160851,100042918,246266,216,23539
100689334,1609,66445,24627,217,51733
100751585,1610,50934,246272,218,137872
100750701,161247,12583,246281,2180,55350
100689419,1615,107869,246302,2181,92086
100756696,1621,26570,246307,2181,80150
100758983,1622,12411,246311,2182,64078
100762108,162417,215113,24638,2182,23305
100766710,162466,11628,24640,2184,51703
100758914,1628,72269,24642,219,948
100751999,1629,80914,24644,2194,949
100761218,1632,22245,24645,220,952
100770000,1633,66588,24651,2203,57084
100760763,163404,57274,24653,221,57030
100760748,1635,320127,24654,221823,84693
100759378,1636,104418,24655,221823,9588
100763965,1638,13142,24661,222,23057
103160380,1644,69367,24668,2222,162466
100765580,1645,93692,24669,2224,9296
100770573,1650,70503,246766,222537,347734
100766299,165631,13177,246767,223,373156
103160379,166012,13178,24689,22305,84649
100762689,1666,320685,24693,22305,10870
103162797,166785,13190,24701,2235,10901
100753239,166929,20249,24710,2235,13
100771243,167153,56473,24711,224,117247
103163173,169355,76267,24763,226,11343
100771304,170685,13350,24777,226,978
100758880,171425,67800,24778,226.3,84679
103163077,171568,14923,24779,2271,30833
100765877,1716,27369,24780,22856,55577
100689173,1717,20525,24781,229,51196
100763313,1718,20528,24782,22928,51079
100756878,1719,20527,24783,22929,22856
100759604,1723,14712,24784,22934,10090
100750608,1725,74754,24785,22978,57094
100750890,1727,13360,24786,230,117283
100757464,1728,13244,24787,23007,79723
100773095,1733,20860,24788,23057,50484
100767465,1734,13361,24792,23057,51447
100774317,1735,56749,24800,231,58510
100753555,1737,64705,24813,23169,94033
100772448,1738,12934,24834,23236,27010
100765668,1743,22240,24841,23236,10157
100752449,1748,110391,24848,23315,50808
100774830,175,14593,24849,23382,50515
100751291,1757,110196,24860,23396,55501
100761652,178,74129,24861,23417,27159
100764278,1786,18605,24862,23428,51302
100774858,1787,18606,24886,23428,64816
100760573,1788,209558,24891,23439,10948
100765276,1789,13436,24894,23443,10423
100765605,1798,13434,24898,23464,95
100751272,18,13433,24902,23475,81537
100689318,1800,13435,24904,23478,80146
100763359,1806,67283,24912,2348,51268
100766856,1807,13135,24913,2348,93034
100772055,1808,13200,24914,2348.3,84618
100767446,1809,103963,24950,2348.4,51251
100753973,1811,20014,24957,2348.5,80142
100689373,183,57170,24959,2348.6,29906
100773620,1836,320438,24962,23483,130752
100759306,1841,381903,25009,23498,56994
100764163,1852,380959,25014,2351,26035
100765882,1854,208624,25027,2352,26061
100757642,189,79087,25028,23530,64802
100757262,1890,13481,25031,23530,27306
100756134,1891,13480,25035,23533,97
100750552,1892,68563,25044,23539,51166
100756663,19,59012,25045,23545,50487
100756951,191,13166,25055,23556,1036
100766960,192134,22173,25056,23556,51109
100767025,192286,20538,25058,2356,51146
100768385,1951,13162,25059,23563,51301
100689451,195814,20519,25060,23563,126792
100689294,196051,71743,25062,23600,162417
100689420,1962,18648,25065,23600,98
100772754,196743,12183,25073,23632,1040
100768592,196883,56012,25081,23657,8760
100751648,196951,192156,25085,23743,10991
100771009,197257,71336,25086,23761,116285
100768412,197258,21915,25095,239,387775
100689347,1977,99586,25096,240,84706
100689430,199857,619653,25097,242,51296
100689434,199974,57813,25104,245972,92745
100689346,200010,667034,25106,245973,10402
100689435,200576,76654,25116,246,55867
100689438,200895,110074,25117,246213,90423
100773644,200931,13595,25120,247,53947
100754023,201164,93747,25132,248,10587
100757006,201232,67758,25134,249,51540
100773213,201562,217364,25139,250,57835
100769077,2023,13806,25146,251,51727
100768656,2026,13808,25147,2517,51805
100760456,2027,13807,25176,2519,116255
100766691,203,26237,25179,2523,245973
100760162,2030,68671,25197,2525,127124
100753385,204,20887,25202,2530,245972
100754088,204219,110842,25206,2530,55825
100767717,204962,110826,25216,2530.3,55907
100689187,205,66841,25227,2530.4,51606
100689440,2052,214253,25238,2530.5,55217
100750518,2053,75320,25240,2531,80270
100751104,2058,75540,25241,253430,9807
100756372,206358,53618,25244,2538,79814
100773468,2098,99035,25249,2539,10965
103160971,210,74205,25256,2542,51056
100767492,2108,50790,25257,2544,1056
100751894,2109,22305,25260,2548,23545
100773335,211,14081,25270,256435,126129
100764271,2110,433256,25274,257068,81579
100766566,212,26458,25275,2571,80339
100752487,213,117147,25278,2571,91227
100759511,2131,83603,25279,2572,100
100761032,2132,13117,25280,257202,64064
100751357,2135,11532,25282,25769,8824
100774971,2137,26568,25283,25796,8260
100764893,215,26457,252832,2581,206358
100689380,216,26569,25284,2582,153201
100766326,2162,26459,252854,2582,27109
100761996,2165,230163,25287,2583,93010
100761041,2166,11674,25288,2584,1080
100765538,2167,11676,25289,2585,66002
100765524,2168,14120,252898,2585,56848
100750781,2169,14121,252899,2588,166785
100772999,217,170768,25290,2589,51380
100760756,2170,270198,252900,2590,51181
100773712,2171,18639,25291,25902,79178
100769477,2172,18640,252919,2591,15
100750926,2173,14151,25293,2592,9023
100772168,218,107747,252931,2592,57134
100753298,2180,73649,252934,2592.3,160728
100755254,2181,234730,25303,259230,1103
100765223,2182,319945,25315,2593,29968
100764086,2184,14287,25318,2593,90161
100689404,219,230612,25319,2595,266722
100752582,2193,14317,25322,2597,89869
100763114,2194,107885,25331,26,54187
100770231,219970,286297,25332,26002,64781
100758964,220,108156,25351,26035,130013
100689101,220074,270685,25352,26062,81849
100757593,2203,66848,25355,2618,256435
100765627,220963,71665,25363,2618,1118
100765914,221,14194,25368,262,79646
100766785,221223,14085,25371,26227,55229
100754740,221264,27376,25372,26229,1119
100760992,221357,14343,25374,26237,1120
100773774,221443,14348,25375,26266,222537
100765091,221823,56737,25386,26275,120103
100764380,221955,14595,25390,26275,51086
100770462,222,56336,25391,26279,22929
100771068,2222,57370,25413,2628,22928
100774815,2224,53418,25416,26289,8534
100760161,222537,14555,25418,26289,51102
100764057,222962,14571,25426,2629,9435
100751197,223,26384,25427,2629,197257
100753569,2232,67980,25428,2629.3,9469
100771298,2235,100198,25429,2629.4,10164
100770521,224,14381,25430,2629.5,124583
100757047,226,14385,25438,26290,23563
100751185,2271,14431,25440,26301,122970
100756367,2272,53897,25445,2632,55568
100751905,22820,19025,25455,26330,63917
100756415,22845,50917,25458,2639,79695
100756635,22856,12091,25478,2639,1152
100772646,22876,18010,25506,2643,1158
100766871,229,14420,25508,2645,1159
100689326,22908,14421,25511,2645,130367
100689415,22928,69976,25514,2645.3,79751
100761441,22929,14635,25526,2650,1160
100774790,22933,78752,25527,26503,157506
100762053,22934,234356,25548,2651,145226
100755276,22949,269941,25549,2653,112724
100760557,22977,74241,25550,2655,57665
100753418,22978,78923,25551,266722,64841
100771550,230,14430,25552,2673,122481
100755684,23039,117592,25553,2678,122622
100766719,23057,218271,25557,2678,123099
100760913,23070,7359,25586,2678.3,374569
100768920,231,216558,25591,2679,1178
100764454,23112,56017,25594,2683,246213
100762285,23127,20526,25596,2687,55343
100757138,23169,170441,25598,26873,51004
100759381,23171,20537,25604,270,260293
100750766,23175,232714,25611,27010,83852
100689432,23193,100043349,25612,27034,142680
100766541,23203,14447,25618,27068,23483
100756363,23205,14450,25623,27068,126328
100751653,23214,11593,25627,27068.3,54539
100759992,23236,14466,25629,27068.4,26301
100753164,2326,227671,25630,27087,29922
100751624,23262,104776,25634,27087,10201
100751331,2327,214579,25636,27089,56603
100751913,2328,434437,25638,271,199974
100774216,2329,68133,25642,271,84912
100762502,2330,104174,25648,271.3,115286
100767644,23305,14538,25649,2710,114112
100762147,23315,228368,25650,2710,84735
100772588,23318,14584,25659,27115,121278
100752606,23324,14583,25666,2712,23315
100768882,23363,22122,25668,27124,1200
100767691,23371,667301,25675,27124,253430
100769024,23382,2655,25680,2713,64579
100758683,2339,27357,25693,27159,79901
100751897,23395,232493,25694,27159,11046
100761447,23396,14936,25698,27165,23169
100766917,23408,8908,25699,27165,196743
100755423,23410,23887,25702,2717,137964
100763538,23411,20425,25708,272,56895
100762380,23417,108037,25709,2720,55326
100751325,2342,11605,25715,27232,125061
100751798,23428,74185,25721,27235,1215
100763430,23430,110006,25732,2729,349565
103163585,23438,93683,25738,2730,51557
100750340,23439,54480,25739,27306,25902
100762963,23443,14042,25741,2731,26002
100689038,23446,14043,25748,27349,9481
100761226,23463,76898,25750,27349,79966
100759470,23464,72727,25756,2739,55811
100689030,23475,280645,25757,27430,65985
100689394,23478,27419,259167,27430,60481
100767453,2348,15531,259233,2744,129807
100769769,23483,83398,259248,2745,8050
100754687,23491,17423,259274,2746,54511
100772184,23498,64580,26192,2747,112611
100769759,23516,13478,26193,275,56623
100758035,23517,58193,26194,2752,92483
100762360,2352,54616,26195,276,28976
100756648,23530,56219,26196,276,132789
100755303,23533,246787,26197,2762,117248
100766909,23539,53881,26198,2766,1267
100762500,23545,241612,26199,277,80724
100752884,23553,109342,26200,278,79017
100755187,23556,77559,26201,279,146712
100763093,2356,266744,26202,2799,166012
100768315,23563,14645,26203,28,10087
100754134,23564,110095,26204,280,200010
100774299,23569,19309,266603,2805,23382
100774665,23576,110078,266604,2806,1312
100763970,23590,14630,266612,2819,10229
100756094,23597,14629,266674,2820,1327
100765179,23600,14660,266682,2821,9377
100765359,23616,216456,266685,28231,1329
100773930,23632,231327,266686,28232,1337
100757887,23633,270076,266689,28234,1339
100758206,23646,71803,266730,284098,1340
100751939,23649,68267,266732,284111,1345
100761743,23657,56185,266758,284129,1346
100757875,23659,15112,266761,284208,1347
100763383,23729,67092,266767,284273,9167
100774981,23743,76238,266770,284273,1349
100755985,23761,14626,266805,285216,1350
100765024,239,2713,266807,286016,83884
100758424,2395,14933,266975,286297,29926
100760138,240,14651,266998,2875,29925
100750356,242,68977,26759,2876,1351
100689191,245972,14664,26760,2876,79623
100768979,245973,104245,26956,2877,1356
100753746,246,218138,282636,2878,1357
100767455,246213,66355,282712,2879,1358
100765125,247,105446,282821,28972,18
100769391,248,229363,282838,28976,151531
100761489,249,110208,286896,290,124935
100768312,2495,14711,286906,291,284111
100761810,250,14732,286921,29124,121260
100761374,251,70325,286922,292,115584
100751227,2517,241062,286936,293,55315
100750935,2519,67556,286953,2936,222962
100766418,2523,72084,286954,2937,125206
100761083,2524,14782,286964,2944,29929
100756973,2525,625249,286974,2944,112483
100758718,2526,18477,286976,2954,79053
100762115,2527,14776,286989,2954,84920
100774527,2528,21672,287115,2954.3,285440
100771106,2529,14775,287159,2974,107
100774295,2530,75512,287164,2977,1371
100760350,253017,14778,287191,29796,284098
100761577,2531,11757,287366,29796,84720
100773906,253430,14854,287368,2982,1373
100751871,253558,2679,287379,2983,114805
100759583,253782,14598,287406,2984,80168
100757118,2538,14528,287420,2986,1374
100759877,2539,245650,287424,2987,23474
100773401,254173,2974,287425,29880,1375
100765162,2542,230103,287451,2990,108
100760372,254428,14919,287454,29906,1376
100759393,254531,60596,287479,2992,80201
100772460,2548,54195,287532,29920,30815
100755549,255189,234889,287533,29922,109
100756748,256126,18160,287593,29922,55268
100768365,256281,14917,287610,29925,1384
100751280,256356,14544,287644,29925,91734
100760414,256435,15452,287711,29926,196883
100774596,2571,76459,287745,29926,84890
100752066,2572,12354,287835,29929,111
100760815,257202,12349,287877,29958,55808
100759648,25769,12350,287920,29968,10020
100767312,25796,230099,287924,29968,54677
100689280,25797,12351,287949,2997,112
100759109,25800,12346,287983,2998,339221
100767919,2581,23831,288041,29988,200576
100774834,2582,71934,288051,30,79837
100761485,2583,12352,288057,3000,113
100765916,25834,56078,288058,3028,114
100750856,2584,27392,288079,3029,55967
100757890,2585,230801,288161,3030,115
100689433,25874,99439,288174,3032,91703
100760683,2588,214593,288238,3033,374907
100766769,25885,11833,288240,3034,192134
100689427,25902,56703,288259,3036,11332
100757665,2592,18701,288333,3037,81616
100763379,259230,433931,288360,3038,1431
103159994,2593,239827,288364,3038,9514
100754096,259307,14731,288489,3067,132158
100762756,2595,329777,288499,3073,51005
100761571,2597,78928,288583,3074,51071
100768313,25973,276846,288588,3081,55349
100765196,25976,228812,288617,30814,10390
100689106,26,15108,288666,30815,55790
100751632,26002,15107,288707,30833,79586
100774679,26007,15117,288719,3098,55454
100751356,260293,15118,288752,3098,337876
100771188,26035,15116,288762,3098.3,56913
100765235,26061,71883,288912,3098.4,125965
100756109,26063,20535,288914,3098.5,170712
100766810,26090,20533,288917,3099,341947
100764638,26121,240215,288923,31,134526
100752451,2617,20536,289021,31,55748
100757970,2618,218756,289032,31.3,113189
100763091,262,216019,289055,31.4,84105
100689437,26227,15275,289081,31.5,29958
100765652,26229,103988,289095,3101,64772
100774281,26266,212032,289175,314,55500
100765356,26275,15277,289197,314,79813
100759874,26279,15233,289217,3141,80308
100769555,2628,58875,289219,3145,79611
100753802,26289,15109,289276,3155,123745
100754101,2629,15186,289352,3156,377841
100759779,26301,70789,289407,3157,92579
100761300,2632,11945,289456,3157,7841
100761511,26330,11944,289459,3158,26330
100764862,2638,15288,289481,316,57678
100758466,2639,15357,289482,3162,8228
100769436,2643,208715,289561,3163,124
100753689,2645,15360,289608,3176,84444
100771752,2650,208982,289632,3177,125
100759730,26503,15356,289668,318,1491
100773080,2651,15368,289687,318,126
100754714,2653,15369,289727,318.3,1503
100756410,2657,26062,289733,32,129642
100754544,26576,160287,289757,3242,127
100771005,26580,52815,289758,3251,56474
100755145,266722,106557,289801,3283,27235
100764568,266740,16833,289827,3284,128
100767175,2673,16832,289934,3290,84076
100774155,2678,16828,289950,3290,8029
100765697,2683,27029,290027,3291,130
100767367,2686,15483,290029,3292,55224
100774411,2687,15484,290223,3293,131
100753962,26873,14979,290230,3294,55301
100756731,26958,15485,290277,3295,79717
100758055,270,15486,290315,3340,132
100765637,27010,15487,290350,337876,80055
100760424,27032,15490,290401,34,1537
100769417,27034,15493,290484,3417,65263
100774081,27068,15492,290500,3418,1583
100764465,27087,101502,290551,3419,1584
100769695,27090,57028,290555,341947,1585
100755739,271,74011,290566,3420,1586
100753146,2710,22229,290567,3420,1588
100762175,2712,22228,290623,3420.3,1543
100752256,27124,22227,290636,3421,1544
100757720,2713,20523,290637,3421,1545
100750969,27132,170718,290638,3422,54872
100767631,27159,67834,290646,3423,1589
100754476,27163,15929,290651,3423,1591
100762713,27165,15926,290658,3425,1592
100773025,2717,269951,290659,343,1593
100751727,27173,22018,290685,347734,54981
100771064,272,15932,290741,348477,1594
100763920,2720,12035,290794,349565,54995
100752327,27231,12036,290843,35,1553
100772831,27232,72401,290923,353,1548
100762141,27235,23917,290947,36,1549
100765707,27284,23918,290959,3612,1555
100760081,2729,56727,290999,3613,79896
100767633,27294,239606,291022,3614,1562
100767929,27297,233836,291075,3614,1557
100759594,2730,91734,291084,3615,80162
100759210,27306,319554,291095,3620,1558
100770626,2731,20917,291103,3628,1559
100766004,27343,56451,291132,3631,1565
100764526,27349,20916,291133,3631,118881
100774391,2739,216225,291211,3632,1571
100762426,27430,20498,291314,3633,1572
100774668,27434,107723,291318,3635,1573
100750644,2744,20499,29132,3636,1576
100752294,2745,57138,291324,3658,1577
100762102,2746,16548,291394,366,1551
100774614,2747,98256,291403,3704,133686
100765485,275,236727,29142,3704,1579
100759780,2752,77031,291437,3706,1580
100763159,276,626571,291450,3707,348932
100759847,2760,64008,291468,3712,131669
100757689,2762,226413,291470,374291,8529
100760581,2766,16816,291526,374907,4051
100752344,277,109801,291527,374907,257068
100759191,278,208285,291534,376497,11283
100766113,279,13121,291541,376497,1595
100771204,2799,16987,29155,377677,1581
100772647,28,19193,291556,3795,124637
100759869,280,16956,291577,3795,9420
100774277,2805,15450,291582,38,1582
100774234,2806,23945,291624,383,1610
100759926,2819,237625,291640,384,160428
100765530,2820,18947,291699,387893,126410
100756739,2821,16891,29170,389015,1621
100771229,2822,67717,29171,39,124975
100759906,28231,69060,29172,3906,1622
100753688,28232,18946,291733,3931,114971
100762274,28234,79235,291819,3938,1629
100754434,283208,235293,291824,3939,129607
100769399,283209,16993,29184,3945,1632
100773572,283375,211666,291926,3948,1633
100763612,283652,17001,291939,3948,1636
100767695,283748,66447,29194,3990,1638
100756446,283871,64707,291969,3992,1635
100752083,283985,20937,291974,4023,150763
100764540,284004,77683,291984,4047,1644
100766218,284098,67956,292023,4048,169355
100689391,284111,231051,292028,4051,8528
100750757,284129,84505,292072,4056,1666
100760661,284273,110147,292073,4056,26063
100773134,284541,73251,29215,410,340024
100768154,285195,208266,292155,411,91373
100771350,285440,239122,29216,411,60490
100764249,285641,4122,29221,412,84803
100759236,285973,17158,29223,4121,160287
100763166,2875,17308,29224,4122,8694
100772592,2876,103534,29225,4123,1606
100761765,2877,269181,29230,4124,1607
100766715,2878,17309,292325,4125,8527
100755714,2879,107895,29240,4126,8526
100757919,2880,217664,29241,4128,1608
103158538,2882,14874,29242,4129,160851
100763488,28965,76051,29244,4143,9162
100771326,28972,14387,292485,4144,1609
100768771,28976,331026,29253,4166,8525
100768798,28992,69080,292536,4190,144193
100767141,290,227619,29254,4191,1716
100773397,29071,110119,29261,4199,1718
100764620,29085,72039,292657,4200,1717
100761707,291,78038,29268,4245,1719
100764088,292,56690,29270,4247,1723
100753500,2923,223722,292737,4248,284273
100768035,293,246221,292759,4249,159963
100762704,2936,76668,29277,4258,79077
100774202,2937,17449,292777,4259,27068
100770965,2938,17448,292778,427,57818
100758776,2939,107029,292804,427,1737
100757024,2940,17436,292845,43,1738
100770867,2941,109264,292915,43,19
100755514,2944,404195,29298,4329,9651
100774782,2946,13077,292999,435,158
100689199,2947,13078,29301,4351,1743
100762894,2948,13076,293048,4353,23007
100773264,2949,108645,293049,4357,159
100752583,2950,232087,29309,4363,57571
100751492,2952,11720,293128,438,54480
100760496,2953,20539,293129,440,57393
100765829,2954,238505,293142,440,387893
100754813,2977,17855,293144,440.3,197258
100753943,29785,57377,293150,443,23205
100759323,2982,69718,293173,445,27165
100772642,2983,212111,29322,445,27089
100758328,2987,16330,29323,4507,51205
100762089,29880,64436,29326,4512,27349
100751581,29881,16332,29328,4513,8608
100763862,2990,16331,29337,4514,1786
100770086,29906,27124,293451,4519,1787
100767336,29914,104015,29347,4522,1788
100760811,2992,16329,293476,4524,1789
100756809,29920,233011,293504,4535,259230
100751774,29922,228550,293508,4536,51477
100771587,29925,320404,293526,4537,65220
100751196,29926,114663,29353,4538,55191
100761349,29929,55980,29354,4539,56954
100773070,29940,71780,293589,4540,80347
100759003,29943,234515,29359,4541,113451
100770695,29947,269180,293613,4548,1800
100755018,29953,230815,293615,4594,9489
100689303,29954,17156,293620,4597,55361
100770553,29956,17155,293638,4598,23533
100770430,29958,73724,293650,4668,64600
100771387,29968,17850,293653,4669,64077
100757224,2997,233549,293667,4694,8818
100769284,2998,68393,29367,4695,10135
100769779,29985,66902,293688,4696,1806
100753343,29986,285216,293721,4697,1807
100765113,29988,80068,293722,4698,1808
100771821,30,17768,293779,47,1809
100751991,30061,17769,293820,47,1811
100766811,3028,94192,293829,4700,84129
100765795,3029,11484,29383,4701,79581
100772179,3030,71670,293847,4702,55065
100753140,3032,17720,293852,4704,7991
100770084,3033,69875,293854,4705,57026
100772527,3034,66495,293856,4706,55163
100750927,3035,225887,29387,4707,29920
100755288,3036,66414,293949,4708,195814
100759021,3037,66416,293989,4709,55312
100770286,3038,17992,294088,471,64080
100774126,3052,67273,294103,4710,113675
100756174,306,68342,29411,4711,80854
100764774,3067,66046,294119,4712,93100
100769497,3069,17991,29416,4712,51227
100767954,3073,4541,29421,4713,84569
100756055,3074,17716,294239,4714,113235
100770133,3081,68202,294255,4715,80235
100766663,30814,17717,294281,4716,1841
100754559,30815,66916,294292,4717,53905
103158591,30833,17718,294320,4718,64220
100770894,30834,75406,294321,4719,29953
100770605,3091,66108,294324,4720,1854
100751421,3098,67264,294329,4722,10975
100763234,3099,407785,29435,4723,29796
100754426,31,68349,29440,4724,55293
100761323,3101,17719,29441,4725,54716
100764593,313,68197,294410,4726,10682
100767324,314,54405,29443,4728,1890
100755005,3141,4710,294449,4729,1891
100754712,3145,66377,29445,4731,1892
100754136,3155,230075,29447,4731,548596
100765755,3156,227197,294504,4758,175
100756208,3157,68375,294521,4759,441024
100753835,3158,72900,29464,476,178
100762075,316,80286,294673,477,641649
100763873,3162,595136,29468,478,10554
100689448,3163,17993,29470,48,1962
100768929,3176,66218,29473,480,10555
100751522,3177,67184,294744,481,56894
100755610,317749,226646,29475,482,55627
100757362,318,78330,294753,483,21
100757611,32,68198,294762,4830,641371
100755391,3242,67130,294800,4830,641372
100752593,3248,66091,294810,4831,56267
100767663,3251,4707,29482,4832,728226
100763345,326625,100043472,29483,4833,2023
100770659,3283,17721,29484,4837,2026
100751055,3284,17995,29485,4842,2027
100757895,3290,192185,29487,4843,5167
103162307,3291,78914,294972,4843,5168
100756277,3292,17939,294973,4844,5169
100755765,3293,59033,29498,4845,953
100772629,3294,94229,29501,4846,954
100751850,3295,114479,29502,4860,956
100757174,33,110895,29503,4881,957
100760037,3339,20544,295037,4882,955
100761777,3340,226999,29504,4882,24
100764735,335,105243,295051,490,2052
100767245,336,277973,295088,4905,2053
100771589,3373,338403,29509,4907,189
100768438,3376,20497,29510,491,8288
100770355,337867,76376,29511,492,191
100774983,337876,94249,29512,493,10768
100772914,337880,214111,295143,4942,2098
100763112,338328,238384,295180,495,2108
100760520,339221,76025,29520,4952,2109
100767831,3396,67464,295219,4952,2110
100760280,339983,18103,29526,4953,2131
100767441,34,18102,29527,496,2132
100769408,340024,171567,295305,4967,2134
100772883,340156,79059,29531,4967,2135
100759816,340485,54369,295319,498,2137
100759837,341392,56520,295356,498,7923
100764873,3417,19743,29539,498.3,2168
100772102,3418,58176,295394,50,2180
100764294,3419,20495,295395,5009,2181
100758487,3420,20496,29540,501,2182
100689251,3421,74080,295401,5019,3992
100689252,3422,66454,295417,5033,9415
100769225,3423,226518,295430,5034,2184
100750761,3425,67375,295443,5048,2194
100771181,343,18113,295455,50487,2203
100774067,343641,18948,295458,5049,8789
100774472,345274,4845,295531,5050,203
100774848,346606,18125,29554,50506,204
100751979,347734,18126,295543,5051,2222
100765862,348158,4844,29560,50515,205
100751224,348932,18127,29562,5052,2224
100751518,349565,20445,295620,5052,2235
100754324,35,76952,295645,5052.3,26289
100756350,353,50773,29566,5053,2271
100767102,353238,103850,295663,506,2326
100765741,353497,107569,295669,50614,2327
100769548,358,23959,29573,50617,2328
100758717,359,16434,29580,50617,2329
100759346,36,69983,29582,50617.3,2330
100761703,360,18416,29592,50700,2348
100760489,361,64059,29593,50808,2350
100767050,3612,67041,295934,50814,2352
100752880,3613,12040,295961,509,10351
100774576,3614,12039,29598,509,10327
100756723,3615,13171,29599,5091,231
100760312,362,22247,29600,5091,2356
100774512,3620,75475,29603,5092,8790
100755987,3628,18263,296048,5092,1645
100764561,363,18242,296091,50940,1109
100773811,3631,231583,29611,5095,6718
100770498,3632,13070,296117,5096,100526794
103158658,3633,110115,296118,51,8574
100768998,3635,13072,296128,51,210
100765958,3636,13074,296130,51004,211
100768368,364,13075,296152,51004,212
100756132,3658,13079,296167,51005,10841
100751372,366,104086,296188,51022,2495
100767272,37,72082,296259,51022,10840
103162985,3704,69888,29632,5105,2512
100772118,3705,56448,29633,5106,5243
100767531,3706,13107,29634,51079,2517
100766764,3707,56050,296360,51109,2519
100762413,3712,100041375,29637,51146,2523
100764888,372,56388,296370,51166,2525
100767083,373156,13113,29639,51166,2530
100751825,3735,13116,296394,51179,216
100774910,374462,64385,29640,51179,10690
100757901,374569,106648,29642,51181,2531
100758386,374907,72054,29646,51196,224
100769146,375056,13122,29653,51227,217
100772668,375775,13123,296560,51227,218
100771642,376497,13124,296564,51227.3,2538
100751454,377677,66194,296571,51251,2539
100762593,377841,69051,296588,51268,8659
100765414,3795,209027,29660,51292,2542
100689250,38,18472,296600,51292,2548
100754791,3816,18475,296616,51292.3,219
100768838,3817,18476,296624,513,7915
100756254,383,100163,296635,513,220
100736551,384,27226,296733,5130,2571
100689285,386724,73836,29680,51301,2572
100758277,387700,11982,296849,51302,221
100756126,387787,18806,296851,5136,222
100750501,388714,18805,29688,5136,2581
100752423,389015,266645,29692,5137,2582
100754759,3897,18822,296925,5138,2583
100755503,39,26432,29693,51380,2584
100757969,3906,26433,296959,51382,2585
100772356,390877,18563,296969,5139,223
100774587,390928,18670,296972,514,2588
100769238,391013,18574,296973,514,2589
100768699,3930,18575,296981,5140,2590
100772822,3931,238871,29700,5140,2591
100752832,3938,18578,297029,5141,8693
100767250,3939,207728,29711,5142,11227
100752009,3945,18573,297113,5143,11226
100762945,3948,18583,29715,5144,51809
100763307,3949,218461,29723,51447,26290
100774762,3988,241489,29725,51447,50614
100757075,3990,18584,29726,51447.3,2592
100765193,3992,54611,29735,51447.4,2593
100767091,3995,18576,297386,51447.5,23193
100755966,401251,29863,297389,51447.6,2595
100772070,401494,23984,29739,5145,226
100759374,4015,110385,297393,5146,2597
100763065,4017,18582,29740,5147,2618
100768122,4023,78600,297412,51477,229
100689193,4025,18588,297417,51478,2628
100750420,403313,225600,297428,5148,2629
100751551,403314,110855,29743,5149,230
100753277,4036,18587,297437,515,2632
100754362,4047,242202,297508,515,2638
100755939,4048,68263,297514,515.3,23464
100756511,4051,18597,29754,5150,2639
100759696,4056,18598,297554,5150,2643
100759944,410,235339,297566,5151,2645
100760222,4101,103711,29757,5151,8647
100762910,411,11980,29758,5151.3,2650
100770327,412,18534,297610,5151.4,2651
100774584,4121,74551,297797,5151.5,9245
100774886,4122,80911,297805,5152,2653
100774969,4123,18618,297814,5152,9615
100775064,4124,18642,297910,51521,2673
100755315,4125,56421,297932,51522,9945
100765436,4126,18641,297969,51523,8836
100766007,4128,236539,297998,51524,9453
100762641,4129,54486,298003,51525,2678
100752813,414,19215,298071,51526,728441
100764811,4141,96979,298079,51527,2686
100762580,4143,64292,298098,51528,2687
100761591,4144,14751,298103,51529,2710
100768429,415,19223,298182,5152,239
100752542,4166,18655,298199,5152,2712
100770343,417,348477,298227,5152.3,2717
100769832,419,18663,298250,5152.4,2720
100768978,4190,66171,298280,5152.5,242
100755382,4191,5240,298298,5152.6,2729
100763274,4199,66681,298340,5152.7,2730
100771637,420,72157,298376,5153,2731
100764720,4200,74451,298381,51540,2739
100755252,4234,19224,298399,51557,246
100754972,4245,19225,298410,5158,2745
100752636,4247,52466,298451,516,2744
100765169,4248,234724,298490,516,2746
100768928,4249,18478,298541,5160,2747
100756404,4255,16922,298579,51604,247
100757152,4257,19211,298595,51606,2752
100751520,4258,18717,298596,51606,240
100760315,4259,18720,298607,51606.3,2762
100750667,427,18719,298653,5161,248
100750756,4282,74302,298655,5162,2766
100767749,43,224020,298657,5167,51292
100762703,4329,84095,298690,5168,8833
100767396,4337,107650,298692,5169,249
100751278,4338,18707,298786,517,250
100773024,435,74769,298881,517,251
100758204,4351,18709,298934,51703,27232
100773145,4353,18710,298942,5172,8443
100769087,4357,30955,298947,51727,10007
100751779,4363,23900,298954,51733,2799
100750759,438,18708,299052,518,2805
100761654,440,320207,299112,518,2806
100772148,440138,18706,299159,518.3,8733
100759029,441024,320634,299193,51805,2819
100765000,441531,20975,299195,51809,2820
100756941,443,18797,299201,5198,2821
100752846,444,114875,299203,52,5244
100758980,445,18798,299346,52,23600
100758689,445329,18795,299511,52.3,2875
100772970,4482,269437,299566,5207,2876
100758598,4507,234779,299567,5208,2877
100770799,4508,433022,299604,5209,2878
100767752,4509,269615,299638,521,2879
100774607,4512,72469,299699,5210,257202
100758020,4513,5334,299732,5211,2882
100756279,4514,18802,299735,5211,262
100766986,4519,18799,299756,5213,9380
100758958,4522,74055,299825,5214,2936
100754480,4524,18796,299851,522,2937
100771661,4534,18803,299857,522,2938
100751753,4535,18705,299907,522.3,2944
103158535,4536,240752,299971,522.4,2950
100765484,4537,18704,299976,522.5,2954
100765774,4538,18718,300027,5223,2978
100773599,4539,108083,300035,5224,270
100763644,4540,18711,300036,5224,2977
100753849,4541,117150,300046,5226,2982
100753439,4548,225326,300047,523,2974
100689102,4552,67292,300051,5230,2983
100753846,4594,14755,300067,5232,2984
100764157,4597,56176,300083,5236,3000
100767410,4598,110417,300088,5238,271
100764721,4638,18700,300089,5240,2986
100755599,4645,18674,300129,5244,2987
100768396,4668,20531,300284,5244,2990
100751202,4669,20505,300328,5244.3,2992
100765077,4677,105355,300438,525,272
100760626,47,319848,300443,5250,8908
100761203,471,20504,300668,5250,2997
100752840,4758,20515,300674,5250.3,2998
100755324,476,20516,300677,5250.4,275
100757273,477,142681,300691,526,276
100774340,478,2544,300723,5264,277
100766065,479,66286,300726,527,278
100768751,48,66624,300741,5277,279
100751457,480,76687,300757,5277,280
100761589,481,69019,300759,5277.3,9563
100752265,482,56529,300783,5279,23498
100762198,483,54128,300790,5279,3033
100759794,4830,29858,300850,528,3028
100773325,4831,68603,300886,528,3030
100766024,4832,271424,300901,5281,3032
100759203,4833,27399,300981,5281,3029
100750580,4835,76500,300985,5283,3034
100763194,4836,22361,300993,5286,54363
100750732,4837,55350,301005,5287,51179
100774657,4842,26464,301010,5288,3036
100689402,4843,269614,301014,5289,3037
100771246,4846,74450,301083,529,3038
100768948,486,211347,301115,5290,3067
100769224,4860,75735,301118,5291,9843
100767138,4864,67895,301120,5293,3073
100770034,487,67916,301155,5294,3074
100762166,488,50784,301221,5295,3081
100766757,489,19012,301246,5295,11112
100774222,4891,74776,301254,5295.3,26275
100773350,490,17025,301264,5296,3098
100763456,4907,66812,301265,5297,3099
100755723,491,110821,301384,5298,3101
100754767,492,66904,301517,53,3141
100767739,493,106564,301525,5305,3145
100755056,493869,19044,301543,5313,290
100751305,493911,13861,301544,5313,3155
100751451,4942,17523,301595,5315,3156
100774732,4948,237823,301622,5315,3157
100754773,495,56189,301742,5315.3,3158
100754488,4952,19125,302302,5319,3162
100759503,4953,18453,302421,5320,3163
100762555,496,18452,302425,5321,3176
100756550,4967,18451,302489,5322,4363
100774725,498,24059,302499,533,3242
100765858,50,28250,302640,5330,3251
100758982,5002,108115,302642,5331,9653
100755378,5009,108116,302668,5332,9957
100754978,501,20517,302669,5332,9956
100756617,5019,240332,302915,5333,9955
100763214,5033,75456,302972,5334,9953
100762184,5034,110639,302995,53343,9951
100753219,5048,19139,303100,53343,9394
100766080,50484,107272,303148,53343.3,3290
100770062,50487,8781,303179,5335,3291
100761944,5049,100678,303205,5335,3292
100757548,5050,19210,303218,53354,3294
103160952,50506,27388,303272,53354,3293
100761248,5051,171210,303277,53354.3,3295
100736557,50515,170789,303306,5336,51478
100767862,5053,19286,303333,5337,3283
100689467,506,20229,303413,5338,3284
100755186,50617,69215,303414,534,1244
100755461,5066,216134,303469,534,8372
100751347,5068,18746,303563,535,3417
100767338,50700,18770,303565,5351,3418
100772408,50808,66260,303612,5352,3419
100762253,50814,22271,303671,5352,3420
100751193,509,14863,303673,53630,3421
103161689,5091,107605,303676,5372,3422
103160327,5092,19682,303692,5373,3423
100767419,5095,242285,303698,53905,3425
100759418,5096,235033,303702,53905,8714
100770004,51,98711,303729,53919,314
100773005,51004,77974,303745,53947,10257
100689314,51005,17252,303755,5406,8639
100760677,51022,105014,303772,5407,316
100761433,51031,108841,303790,5408,10057
100765172,5105,20133,303872,5409,6833
100771604,51056,20135,303879,54187,10060
100751941,5106,225994,303903,54344,3612
100751071,51067,66646,303905,54344,3613
100774083,51071,19895,303923,54363,3614
100753220,51074,20444,304023,54407,3615
100767563,51082,20443,304024,54480,3620
100751382,51084,20442,304078,54490,11185
100761681,51086,6487,304208,54511,3628
100757667,51095,20440,304289,54575,3631
100757381,51097,338362,304300,54576,8821
100759190,51099,23908,304322,5464,3632
100762211,5110,15931,304429,54675,3633
100772552,51102,628779,304500,54677,3635
103158533,51109,319415,304528,54682,3636
100759787,51126,15476,304542,5471,215
100760248,51129,195646,304567,5476,3658
100763652,51144,54710,304573,54872,3704
100765152,51146,15478,304784,549,3706
100752227,51148,328779,304805,54965,3707
100758189,51166,9954,304851,5498,3712
100771594,51167,9952,304860,54981,3767
100761822,51170,72136,304885,55089,353
103158768,51172,59031,304919,55163,3764
103159932,51179,71797,304944,55191,3795
100754028,51181,58250,304978,55217,358
100689301,51196,11881,305021,55224,359
100771969,51205,56773,305149,55229,9365
100751126,51227,54371,305166,55268,360
100763868,51228,26887,305177,55276,361
100767525,51251,23563,305235,55293,362
100768831,51268,76969,305248,55301,8564
100764127,51292,53374,305291,55312,364
100762043,513,60322,305348,55315,343
100766936,5130,50787,305419,55326,366
100753226,51301,50786,305509,55343,8942
100773797,51302,50785,305540,55349,3906
100768523,51312,75612,305571,55350,3931
100757219,51363,30956,305586,55350,3938
100758359,51380,69156,305626,55350.3,3939
100772146,51382,140483,305795,55361,3945
100765247,514,192166,305846,55454,3948
100759781,5141,81535,305889,55500,225
100767393,5142,20322,305935,55501,3988
100764829,51426,20280,306000,55512,3990
100750837,5143,74340,306009,55512,8513
100761752,5144,50880,306012,55568,9388
100763224,51447,109079,306164,55568,383
103164123,51449,20768,306198,55577,384
3979185,51458,55961,306262,55586,4023
3979186,51477,231691,306351,55650,4025
3979189,51478,20540,306375,55790,9227
100770670,51495,20773,306460,55808,4036
100757022,51496,268656,306490,55811,5825
100765757,515,13885,306540,55902,4047
100768321,5152,20397,306544,55902,4048
100764001,51520,241159,306574,55907,4056
100757101,51540,23956,306582,55967,4121
100766809,51547,20454,306586,56052,10905
100768457,51548,56632,306672,5625,11253
103163474,51557,58994,306804,56301,4124
103161269,51559,208449,306808,5631,4122
100756540,51573,268512,306840,5634,4125
100767351,516,243755,306860,56474,4123
100764866,5160,20652,306879,56474,4126
100772782,51601,20810,306950,56548,4128
103158861,51604,20655,307050,56606,4129
100756118,51606,20657,307092,56606,4143
100759281,5161,20656,307212,56623,4144
100755207,51611,20751,307270,56848,27430
100767292,5162,20603,307491,56894,56922
100764018,5163,20775,307492,56894,64087
100762701,5164,14137,307527,56895,4166
100761465,5165,78925,307660,56913,4190
100759549,51651,94224,307759,56922,4191
100766959,5166,11298,307811,56953,4199
100761903,51660,21743,307838,56994,4200
100756398,5167,15567,307848,570,10873
100763079,5168,54613,307852,57026,8972
100772471,5169,20446,307858,57030,4245
100751499,51699,26938,307859,57084,4247
100758725,517,20447,308028,57127,4248
100758878,51700,50935,308069,57134,11320
100768660,51702,20449,308100,57171,11282
100769017,51703,225742,308440,57194,4249
100767657,51706,66945,308445,5723,10724
100750822,5172,66925,308451,5728,4257
100759002,51727,66052,308569,57282,4258
100762374,51728,67680,308576,5730,4259
100763175,51733,211389,308579,57379,4284
100766032,51742,21351,308586,5740,410
100766805,51763,21366,308589,57419,411
100768142,518,76355,308652,5742,23417
100771461,51805,13180,308701,5743,4329
100765588,51816,18115,308757,57468,4351
100774773,5198,105663,308800,57665,4353
3979182,52,116914,308868,57678,4357
100689328,5207,208967,308873,57733,427
100754444,5208,20502,308909,57818,9429
100775032,5209,74419,308993,57835,4507
100764988,521,21881,309004,57835,4512
100766611,5210,83553,309008,57835.3,4513
100760870,5211,29807,309014,57835.4,4514
100750797,5213,72962,309051,5805,4519
100755602,5214,22171,309070,5831,4522
100770579,522,192289,309103,5831,10797
100770644,5223,21991,309111,5832,4524
100773563,5224,286016,309131,5833,10588
100767451,5226,50493,309147,5834,8776
100772543,523,232223,309150,5836,8898
100757306,5230,26462,309207,5837,8897
100762893,5232,212974,309262,58508,4535
100754039,5236,58866,309275,58508,4536
100774095,5238,21990,309301,58510,4537
100757431,5239,216343,309312,586,4538
100762129,5244,56720,309419,5860,435
100757916,525,21391,309434,587,4539
100765445,5250,21823,309449,593,4540
100754222,5255,22178,309465,594,4541
100752642,5256,74246,309512,594,4548
100759795,5257,107652,309513,5959,438
100754681,526,66248,309525,5973,4594
100689361,5260,22232,309527,6005,4597
100757245,5261,22235,309596,60386,440
100757242,5264,242585,309646,60482,4598
100761076,527,58246,309656,60490,443
100754223,5277,70484,309680,60559,445
100768067,5279,229782,309681,6120,4668
100761333,528,67883,309732,6120,4669
100773999,5281,16770,309757,6184,3340
100770445,5283,22234,309812,6185,8509
100751523,5286,100559,309854,622,9348
100766693,5287,22276,309855,622,4694
100755890,5288,22275,310011,622.3,4705
100766880,5289,243537,310155,6240,4695
100766442,529,27411,310218,6241,4696
100765100,5290,108052,310288,6303,4697
3979183,5291,22436,310326,6307,4698
3979184,5293,102448,310378,6309,4700
3979190,5294,233781,310392,6319,4701
3979179,5297,217119,310399,6342,4702
3979178,5298,67880,310467,635,4704
3979180,53,,310506,6389,4706
3979181,5305,,310508,6390,4707
100769185,5313,,310611,6391,4716
100756805,5315,,310625,63917,4708
100758120,5319,,310645,6392,4709
100750675,5320,,310664,64064,4710
100689469,5321,,310667,64078,4711
100763866,5322,,310672,64080,4712
100770090,533,,310685,64087,4713
100761029,5330,,310732,64131,4714
100767893,5331,,310773,64132,4715
100759137,5332,,310801,644,4717
100759532,5333,,310803,6448,4718
100762399,53343,,310808,645,4719
100772462,5335,,310812,64579,4720
100774058,53354,,310848,64600,4722
100754020,5336,,310849,6470,4724
100760443,5337,,310856,6470,4725
100771073,5338,,310864,64711,4726
100762187,534,,310903,6472,374291
100768251,5346,,310935,6476,4728
100766626,535,,311114,64772,4723
100764101,5351,,311168,64781,4729
100764482,5352,,311204,64781,4731
100771311,53630,,311215,6480,4758
100750993,5365,,311341,6480,4759
100774221,5372,,311355,6480.3,4830
100752127,5373,,311368,64802,4831
100758089,539,,311387,64816,4832
100770125,53905,,311422,64816,4833
100775017,53919,,311446,64816.3,4837
100766318,53947,,311487,6482,23530
100767001,54,,311530,6482,4846
100769016,54020,,311569,6483,4860
100767063,5406,,311617,6484,29881
100772306,5407,,311651,64841,28
100753288,5408,,311821,64849,471
100769186,5409,,311833,64849,4881
100757350,54107,,311839,64850,4882
100770033,54187,,311844,6487,476
100755105,5422,,311847,6487,26
100759542,5423,,311849,64871,477
100755955,5424,,311864,6487,478
100765147,5425,,311865,6487.3,4905
100758396,5426,,312086,6487.4,4907
100755431,5427,,312113,6487.5,22978
100757558,5428,,312192,6487.6,481
100769821,5429,,312272,6487.7,318
100771070,5430,,312373,6487.8,482
100761742,5431,,312488,6487.9,11164
100759157,5432,,312495,6489,53343
100760212,5433,,312616,64902,483
100760504,5434,,312634,65010,23439
100754111,54344,,312806,65010,4942
100754402,5435,,312826,65010.3,4952
100773211,5436,,312828,6505,4953
100761491,54363,,312913,6506,4967
100772925,5437,,312952,6507,490
100771448,5438,,312981,6508,26873
100755392,5439,,313047,6508,491
100773805,5440,,313131,6509,492
100768126,54407,,313139,6510,493
100763494,5441,,313210,6511,495
100751162,54414,,313231,6512,30
100762279,5442,,313245,6513,496
100755903,5444,,313339,6514,498
100752620,5445,,313341,6515,10449
100774847,5446,,313373,6517,506
100754895,5447,,313375,6518,509
100751960,54480,,313429,6519,513
100754371,54490,,313481,6520,514
100753198,54495,,313495,6521,31
100769680,54498,,313536,6522,515
103159960,54511,,313560,65220,516
100770431,54545,,313564,6523,517
100763024,54575,,313574,6524,518
100760824,54576,,313611,6526,10476
100766108,54625,,313648,65263,521
103162776,5464,,313689,6528,522
3979188,54658,,313706,6529,9551
100774535,54675,,313744,6530,9390
100772366,54677,,313837,6531,32
100771114,54682,,313843,6532,539
100752739,54704,,313977,6533,523
100754380,5471,,313997,6534,5009
100771541,54716,,314004,6535,5019
100766302,5476,,314140,6536,525
103160361,54802,,314196,6536,526
100757815,54857,,314264,6537,5033
100769978,548596,,314304,6538,8974
100756936,54872,,314312,6539,5034
3979187,54898,,314360,6540,527
100759026,549,,314396,6541,528
103158536,54928,,314416,6542,529
100753128,54938,,314417,6543,5048
100763073,54947,,314438,6546,5049
100767060,54956,,314441,6547,5050
100750995,54963,,314442,6547,5051
100756680,54965,,314553,6547.3,5053
100774015,5498,,314614,6547.4,10606
100774578,54981,,314637,6547.5,53354
100759566,54988,,314641,6547.6,9061
100766212,5499,,314694,6548,9060
100768097,54995,,314800,6549,533
100689330,55,,314999,6550,534
100766505,5500,,315085,6553,8992
100760000,5501,,315150,6554,5091
100753186,55039,,315165,6555,9550
100761974,55066,,315173,6557,5092
100758117,5507,,315212,6558,535
100762575,55089,,315219,6559,5095
100770679,55093,,315222,6560,5096
100767837,55117,,315311,6561,50617
100752768,55149,,315326,6563,27034
100765665,55157,,315422,6565,5105
100689060,55163,,315439,6566,5106
100771907,55190,,315550,6567,5130
100771278,55191,,315644,6568,9468
100750895,55209,,315722,6569,5833
100758991,55217,,315760,6570,501
100770598,55224,,315763,6571,10846
100770348,55229,,315807,6572,50940
100753315,55244,,315851,6573,5136
100752849,55256,,315939,6573,5153
100766370,55268,,315973,6574,5137
100760506,55276,,316003,6575,5138
100768176,55277,,316033,6576,5139
100751755,55293,,316067,6578,5140
100758278,55300,,316077,6579,5141
100689450,55301,,316122,6580,5142
100769239,55304,,316130,6581,5143
100750727,55312,,316235,6582,5144
100760459,55315,,316265,6582,8654
100756687,55326,,316304,6583,5145
100754567,55331,,316325,6584,5158
100760225,55343,,316328,65985,5146
100689232,55349,,316342,66002,5147
100756438,55356,,316376,66035,5148
100774047,55361,,316400,6611,5149
100754784,5538,,316403,6646,5150
100774121,55454,,316421,6647,27115
100760467,5550,,316424,6648,5151
100750801,55500,,316444,6649,8622
100750762,55501,,316457,6652,5152
100763715,55512,,316519,6675,33
100756785,55529,,316533,669,5160
100760987,55577,,316559,669,5161
100756998,55586,,316583,6697,5162
100689396,55613,,316737,6713,5172
100762480,55621,,317170,6715,8566
100772204,55627,,317237,6716,10400
100764885,55630,,317296,6718,5184
100751442,55650,,317444,6723,5198
100752172,5566,,317576,6783,5207
100754659,55662,,317675,6785,5208
100689322,5567,,353229,6799,5209
100761558,55676,,353252,6799,5210
100767124,5568,,353255,6817,5211
100757239,55683,,353304,6817,5213
100772187,55687,,353307,6817.3,5214
100752334,55699,,353317,6817.4,5223
100751299,55703,,353498,6817.5,5224
100751791,55711,,360268,6818,5226
100764118,55718,,360348,6818,5230
100770439,55748,,360417,6818.3,5232
100769222,55750,,360420,6820,34
100769920,55753,,360426,6820,549
100771700,55768,,360462,6821,25796
100689028,55790,,360475,6822,5236
100756632,55808,,360476,6839,55276
100769495,55811,,360511,686,5238
100754883,55825,,360518,6888,283871
100757898,55867,,360526,6898,5251
100761578,5587,,360539,6916,26227
100771169,55891,,360547,6999,5264
100752856,55902,,360629,7001,27124
100758414,55907,,360630,7001,5277
100758144,56052,,360670,7001.3,5279
100753078,5625,,360719,7054,5281
100763190,56261,,360722,7054,5283
100769105,56267,,360816,7054.3,10026
100764152,56301,,360833,7083,9487
100752219,5631,,360843,7084,23556
100774575,56339,,360904,7086,5286
100689022,5634,,360955,7108,5287
100754097,56474,,360975,7166,5288
100752441,56548,,360992,7167,5289
100773218,56603,,361014,7173,5290
100757944,56606,,361020,7173,5291
100766192,56623,,361035,7173.3,5293
100689036,56624,,361042,7173.4,5294
100766128,56655,,361046,7173.5,5295
100755485,56829,,361063,7263,5296
100761133,56848,,361070,7264,8503
100689210,56894,,361071,7296,5297
100755964,56895,,361076,7296,5298
100764682,56898,,361094,7296.3,8394
100757135,56903,,361102,7296.4,8395
100689325,56910,,361165,7298,23396
100689446,56913,,361174,7299,5305
100754017,56922,,361184,7306,8396
100771256,56953,,361213,7350,23761
100689382,56954,,361215,7351,35
100767191,56965,,361244,7352,5313
100689348,56985,,361245,7352,5315
100751671,56994,,361274,7355,8399
100770628,570,,361338,7357,5319
100769788,57016,,361365,7358,5320
100752709,57026,,361377,7359,26279
100772279,57030,,361378,7360,5321
100752019,57038,,361401,7360,100137049
100750530,57084,,361433,7363,5322
100759948,57094,,361443,7364,8398
100689202,57097,,361450,7367,7941
100774486,57103,,361467,7371,5330
100760149,57104,,361472,7372,5331
100757019,57107,,361523,7378,5332
100773912,57115,,361527,7378,5333
100756172,57127,,361532,7381,113026
100763319,57134,,361538,7384,84812
100765715,57153,,361596,7385,5334
100772931,57171,,361602,7386,5335
100689436,57176,,361612,7388,5336
100758075,57181,,361631,7389,5337
100765304,5723,,361632,7390,5338
100769585,5728,,361637,7498,5351
100753200,57282,,361638,759,5352
100763802,5730,,361640,760,8985
100769768,57379,,361641,761,36
100762427,5740,,361651,762,5372
100752461,57406,,361663,763,5373
100755180,57412,,361676,766,10654
100767310,57419,,361698,766,5406
100763110,5742,,361722,768,5407
100765413,5743,,361730,771,5409
100772205,57468,,361755,771,8706
100765901,57486,,361767,7841,8705
100765703,57505,,361784,788,37
100753889,57519,,361802,790,10317
100757819,57546,,361819,79053,5446
100762235,57571,,361836,79053,5447
100774684,57595,,361878,79053.3,27087
100756872,57657,,361884,79087,135152
100773727,57678,,361895,7915,8501
100766725,57704,,361986,7915,5464
100750866,57733,,362013,79178,8611
100754260,57786,,362015,7923,8613
100763658,57804,,362029,79369,26229
100760550,57818,,362031,7941,8612
100689398,57834,,362035,79586,5471
100758893,57835,,362039,79623,2683
100752366,5805,,362061,79646,8704
100752668,5810,,362113,79695,5476
100764266,5825,,362145,79717,8703
100753498,5831,,362188,79723,9334
100769559,5832,,362219,79751,5498
100752960,5833,,362228,79813,9331
100764014,5834,,362261,79814,38
100682529,5836,,362275,79837,11285
100689076,5837,,362282,79896,570
100764596,58478,,362322,79901,5538
100770744,58488,,362329,7991,9374
100756246,58497,,362343,7991,5052
100764352,58510,,362368,80025,7001
100767908,5859,,362383,80025,10935
100763416,586,,362385,80025.3,39
100689098,5860,,362403,80025.4,9529
100755639,587,,362404,80025.5,5625
100767553,5883,,362434,80055,5631
100770527,590,,362474,80068,221823
100761494,5917,,362490,80142,5634
100763022,59272,,362540,80142,9197
100765277,593,,362547,80142.3,5723
100774930,59344,,362586,80142.4,9791
100755696,594,,362590,80146,5728
100771407,5947,,362605,80150,5730
100751670,5948,,362607,80162,9536
100758081,5949,,362625,80168,5740
100764399,5959,,362638,80201,5742
100754688,5973,,362657,80235,5743
100771233,5980,,362702,80270,8424
100767696,5985,,362704,80271,5805
100768410,6005,,362706,80308,5831
100758127,6011,,362713,80308,5832
100760062,6017,,362720,8034,5834
100769961,60386,,362756,80347,5836
100761890,60481,,362757,8050,5837
100756786,60482,,362782,80704,5860
100771896,60487,,362792,80724,23475
100689275,60490,,362802,80854,586
100758269,60495,,362809,81031,587
100771266,60496,,362812,8140,593
100758970,6051,,362850,81490,594
100682535,60559,,362858,81537,5947
100773493,606495,,362861,81539,5948
100750352,6120,,362865,81579,5950
100774853,6121,,362866,8170,5959
100774878,6184,,362914,81849,5973
100753308,6185,,362924,8228,1738
100758749,622,,362955,8277,594
100762618,6240,,362976,8288,
100756894,6241,,363024,8309,
100751501,6296,,363040,8310,
100762127,6301,,363045,83549,
100754270,6303,,363061,83697,
100774394,6307,,363069,83733,
100774660,6309,,363073,83852,
100753184,6319,,363085,83884,
100689449,635,,363103,8394,
100774376,6382,,363109,8395,
100754031,63826,,363110,8396,
100759620,6389,,363115,8396,
100763459,63891,,363118,8398,
100760460,6390,,363145,8398,
100754217,6391,,363159,8399,
100752475,6392,,363172,84002,
100770957,64064,,363229,8402,
100760134,64077,,363259,84076,
100769697,64078,,363261,84129,
100772560,64080,,363285,8424,
100751872,64087,,363331,84264,
100760731,64116,,363464,84264,
100769053,64122,,363469,8443,
100751509,64131,,363494,84444,
100757729,64132,,363513,84532,
100752314,641371,,363516,84649,
100766343,641372,,363517,84679,
100768962,64146,,363518,84693,
100767777,641649,,363545,847,
100760956,64174,,363618,84701,
100764967,64180,,363629,84706,
100752663,64240,,363633,84720,
100756130,64241,,363644,84720,
100765051,643853,,363675,84735,
100774066,644,,363985,84812,
100751161,64419,,364032,84889,
100761121,64425,,364064,84912,
100751427,6448,,364070,84920,
100768258,64499,,364134,8501,
100774799,645,,364224,8503,
100754838,64577,,364298,8509,
100771284,64579,,364476,8513,
100765292,645840,,364629,8525,
100760320,64600,,364675,8525,
100764834,646480,,364745,8525.3,
100689192,646486,,364834,8526,
100754706,646625,,364901,8527,
100768542,6470,,364975,8527,
100689344,64711,,364976,8528,
100764351,64714,,364994,8528,
100762444,6472,,365096,8529,
100768444,64748,,365314,8534,
100754276,6476,,365345,85365,
100767923,64761,,365382,85365,
100763947,64768,,365398,8540,
100760127,64772,,365583,8560,
100689031,64781,,365592,8560,
100767827,6480,,365652,8564,
100758724,64802,,365668,8566,
100752522,64816,,365699,8574,
100757472,6482,,365865,8604,
100753284,6483,,365962,8608,
100762944,64834,,365972,8611,
100750577,6484,,365984,8611,
100769825,64841,,365985,8612,
100755205,64849,,366064,8613,
100756588,64850,,366065,8622,
100770013,64852,,366189,8639,
100760747,6487,,366196,8647,
100759670,6489,,366251,8654,
100764868,64895,,366277,8654,
100764066,649,,366432,8654.3,
100753233,64900,,366441,8659,
100762189,64902,,366463,8659,
100758693,65010,,366473,8671,
100761411,6505,,366478,8693,
100767807,6506,,366508,8694,
100760751,6507,,366545,8703,
100755202,6508,,366697,8704,
100761712,6509,,366791,8704,
100769679,6510,,366894,8705,
100689054,6511,,366959,8706,
100689093,6512,,366984,8706,
100689468,6513,,367083,8706.3,
100765199,6514,,367112,8706.4,
100763471,6515,,367145,8714,
100752162,6517,,367146,8714,
100753910,6518,,367166,8714.3,
100756356,6519,,367196,873,
100762939,6520,,367214,8733,
100763844,6521,,367252,875,
,6522,,367323,8760,
,65220,,367384,8781,
,6523,,367415,8789,
,6524,,367562,8790,
,6526,,367745,8801,
,65263,,367747,8802,
,6528,,367808,8803,
,6529,,368044,8813,
,6530,,368066,8818,
,6531,,368088,8818,
,6532,,368128,8821,
,6533,,369018,8824,
,6534,,373541,883,
,6535,,378774,8833,
,6536,,378794,8836,
,653689,,399679,8854,
,6538,,404783,8854,
,6539,,406165,8854.3,
,6540,,406166,8867,
,6541,,406170,8867,
,6542,,407764,8869,
,6543,,407765,8871,
,654364,,408206,8875,
,6546,,408212,8875,
,6547,,432367,8876,
,6548,,432392,8879,
,6549,,436582,8884,
,6550,,444984,8897,
,6553,,444985,8897,
,6554,,493909,8897.3,
,6556,,494342,8908,
,6557,,494499,8942,
,6558,,494500,8972,
,6559,,497009,8974,
,6560,,497039,8985,
,6561,,497197,89869,
,6563,,497756,89874,
,6564,,497757,8992,
,6565,,497778,9016,
,6566,,497811,9016,
,6567,,497840,90161,
,6568,,497921,90161,
,6569,,497931,9023,
,6570,,497963,90423,
,6571,,497978,9056,
,6572,,498012,9057,
,6573,,498034,9058,
,6574,,498109,9060,
,6575,,498130,9061,
,6576,,498185,90701,
,6578,,498251,9091,
,6579,,498272,9091,
,6580,,498299,9114,
,6581,,498332,9123,
,6582,,498486,91373,
,6583,,498489,9152,
,6584,,498728,9153,
,65985,,498741,9154,
,66002,,498757,9154,
,66035,,498805,9162,
,6609,,498885,9167,
,661,,498890,91703,
,6610,,498940,91734,
,6611,,499084,9187,
,6646,,499174,9194,
,6647,,499210,9197,
,6648,,499314,9227,
,6649,,499328,9245,
,6652,,499330,92483,
,6675,,499335,92579,
,6677,,499566,92745,
,669,,499570,9296,
,6697,,499658,93010,
,6713,,499689,93034,
,6715,,499751,93034,
,6716,,499913,93183,
,6718,,499956,9334,
,6723,,499973,9348,
,6748,,499985,9377,
,6770,,500052,9380,
,6783,,500257,9388,
,6785,,500323,9394,
,6799,,500368,94005,
,6817,,500536,9415,
,6818,,500709,9420,
,6819,,500820,9435,
,6820,,501072,9453,
,6821,,501103,9468,
,6822,,501110,9469,
,683,,501157,9481,
,686,,501167,9487,
,6880,,501194,9488,
,6888,,501515,9489,
,6897,,501620,9497,
,6898,,501925,9498,
,6916,,502017,95,
,6999,,502348,9514,
,7047,,502374,9517,
,7051,,502749,952,
,7052,,502782,953,
,7053,,502894,9536,
,7054,,503122,9536,
,7064,,503446,954,
,7083,,503568,954,
,7084,,50549,955,
,7086,,50551,9550,
,7108,,50555,9551,
,7166,,50557,9551,
,7167,,50558,9551.3,
,7172,,50559,956,
,7173,,50560,9563,
,7177,,50567,957,
,7226,,50572,9583,
,7263,,50621,9615,
,7264,,50622,9651,
,728441,,50655,9653,
,728637,,50671,97,
,729020,,50676,97,
,729359,,50681,978,
,7296,,50682,9789,
,7298,,50687,9791,
,7299,,50690,98,
,7306,,50719,9807,
,7350,,541589,9807,
,7351,,54223,9869,
,7352,,54231,9942,
,7355,,54232,9945,
,7357,,54233,9951,
,7358,,54242,9952,
,7360,,54246,9953,
,7363,,54248,9954,
,7364,,54259,9955,
,7367,,54260,9956,
,7368,,54271,9957,
,7371,,54282,9962,
,7372,,54283,9962,
,7378,,54300,9963,
,7386,,54301,9963,
,7389,,54302,9990,
,7390,,54314,,
,7407,,54315,,
,7453,,54322,,
,747,,54349,,
,7498,,54398,,
,752014,,54410,,
,755,,54705,,
,759,,554172,,
,760,,56083,,
,761,,56266,,
,762,,56780,,
,763,,56814,,
,765,,56819,,
,766,,56823,,
,767,,57300,,
,768,,58813,,
,771,,58819,,
,7779,,58835,,
,7837,,58857,,
,7841,,58924,,
,7862,,58962,,
,788,,58964,,
,790,,58970,,
,79001,,58976,,
,79017,,58978,,
,79053,,58980,,
,79071,,59085,,
,79077,,59103,,
,79087,,59113,,
,7915,,59268,,
,79158,,59294,,
,79159,,59320,,
,79178,,60327,,
,7922,,60335,,
,7923,,60356,,
,79369,,60384,,
,7941,,60398,,
,79411,,60416,,
,79567,,60418,,
,79586,,60422,,
,79587,,60423,,
,79595,,60431,,
,79603,,60571,,
,79611,,60576,,
,79644,,60577,,
,79646,,60581,,
,79660,,60666,,
,79668,,60670,,
,79670,,60671,,
,79672,,613267,,
,79691,,619549,,
,79707,,619580,,
,79709,,63864,,
,79717,,63888,,
,79731,,63938,,
,79751,,63997,,
,79796,,64016,,
,79814,,64018,,
,79837,,64032,,
,79868,,64035,,
,79888,,64037,,
,79896,,64040,,
,79901,,64043,,
,79903,,64045,,
,79944,,64047,,
,79947,,64076,,
,79948,,641316,,
,79966,,64133,,
,79993,,64134,,
,80024,,641434,,
,80025,,64157,,
,80055,,64161,,
,801,,64189,,
,80142,,64191,,
,80146,,64192,,
,80150,,64201,,
,80155,,64203,,
,80162,,64206,,
,80168,,64300,,
,80201,,64304,,
,80222,,64305,,
,80235,,64313,,
,80270,,64317,,
,80271,,64352,,
,8029,,64369,,
,80308,,64392,,
,80324,,64442,,
,80339,,64445,,
,8034,,64461,,
,80347,,64467,,
,80351,,64468,,
,805,,64473,,
,8061,,64474,,
,80704,,64475,,
,80724,,64508,,
,80736,,64511,,
,80765,,64517,,
,808,,64519,,
,80864,,64522,,
,80896,,64524,,
,81031,,64526,,
,8140,,64532,,
,81490,,64533,,
,81537,,64537,,
,81539,,64544,,
,81579,,64554,,
,81616,,64561,,
,81627,,64564,,
,8170,,64621,,
,81849,,64669,,
,81855,,64677,,
,81888,,64679,,
,81890,,64701,,
,81894,,64822,,
,825,,64828,,
,8260,,64831,,
,8277,,64845,,
,8288,,64846,,
,8309,,65029,,
,8310,,65030,,
,833,,65036,,
,83401,,65038,,
,83440,,65042,,
,83549,,65044,,
,83594,,65052,,
,83666,,65054,,
,83697,,65133,,
,8372,,65135,,
,83733,,65152,,
,8382,,65155,,
,83875,,65156,,
,83884,,65162,,
,8394,,65166,,
,8395,,65183,,
,8396,,65192,,
,8398,,65194,,
,8399,,65197,,
,84002,,65200,,
,8402,,65202,,
,84076,,65207,,
,84102,,65210,,
,84105,,65262,,
,84126,,65270,,
,84129,,65271,,
,84172,,65278,,
,84188,,654441,,
,8424,,65984,,
,84245,,66012,,
,84264,,66020,,
,84265,,66029,,
,84274,,664630,,
,84284,,678739,,
,84343,,679091,,
,8435,,679520,,
,8443,,679532,,
,8446,,679713,,
,84513,,679784,,
,84532,,679990,,
,84569,,680021,,
,8459,,680115,,
,8460,,680248,,
,84618,,680308,,
,84620,,680409,,
,84647,,680466,,
,84649,,680668,,
,84679,,680782,,
,84693,,681086,,
,847,,681211,,
,84701,,681319,,
,84706,,681337,,
,84720,,681361,,
,84735,,681817,,
,84779,,681896,,
,84803,,681913,,
,84812,,682934,,
,84814,,682967,,
,84875,,682974,,
,84881,,683007,,
,84889,,683570,,
,84890,,683630,,
,84912,,683713,,
,84920,,684055,,
,84992,,684314,,
,85007,,684425,,
,8501,,684536,,
,8509,,684979,,
,8513,,685076,,
,8525,,685232,,
,8526,,685245,,
,8527,,685325,,
,8528,,685465,,
,8529,,685579,,
,85320,,685679,,
,8534,,685695,,
,85365,,685729,,
,85366,,685750,,
,8540,,685758,,
,85413,,685999,,
,85465,,686081,,
,8560,,686596,,
,8564,,687008,,
,8565,,687071,,
,8566,,687266,,
,8574,,687403,,
,8604,,687758,,
,8605,,687808,,
,8608,,687861,,
,8611,,688283,,
,8612,,688286,,
,8613,,688293,,
,8630,,688517,,
,8634,,688606,,
,8637,,688673,,
,8639,,688698,,
,8644,,688705,,
,8647,,688778,,
,8654,,688811,,
,8658,,688862,,
,8659,,688869,,
,8671,,688903,,
,8681,,689035,,
,8692,,689271,,
,8694,,689374,,
,8702,,689754,,
,8703,,689872,,
,8704,,690050,,
,8705,,690163,,
,8706,,690212,,
,8707,,690214,,
,8708,,690254,,
,8714,,690388,,
,87178,,690441,,
,873,,690606,,
,8731,,690654,,
,8732,,690945,,
,8733,,690953,,
,874,,690966,,
,875,,690987,,
,8760,,691002,,
,8776,,691172,,
,87769,,691209,,
,8789,,691221,,
,8790,,691394,,
,8800,,691810,,
,8801,,691853,,
,8802,,691905,,
,8803,,691907,,
,8813,,691920,,
,8818,,691922,,
,8821,,691932,,
,8824,,727679,,
,883,,751787,,
,8833,,78947,,
,8836,,78959,,
,8854,,79107,,
,8867,,79111,,
,8869,,79112,,
,8871,,79122,,
,8875,,791259,,
,8876,,79127,,
,8877,,79131,,
,8879,,79212,,
,8884,,79213,,
,8898,,79223,,
,8908,,79238,,
,8942,,79239,,
,8972,,79242,,
,8974,,79243,,
,8985,,79244,,
,89869,,79250,,
,89872,,79251,,
,89874,,79451,,
,8992,,80841,,
,8993,,80848,,
,9,,80849,,
,9016,,80878,,
,90161,,80900,,
,9023,,81506,,
,90423,,81508,,
,9056,,81519,,
,9057,,81522,,
,9058,,81530,,
,9060,,81536,,
,9061,,81632,,
,90627,,81636,,
,90701,,81639,,
,90809,,81640,,
,9091,,81641,,
,91012,,81643,,
,9104,,81654,,
,9107,,81656,,
,9108,,81660,,
,9114,,81670,,
,91179,,81675,,
,9120,,81676,,
,9121,,81677,,
,9122,,81681,,
,91227,,81683,,
,9123,,81708,,
,91373,,81718,,
,9152,,81726,,
,9153,,81727,,
,9154,,81747,,
,9162,,81759,,
,91703,,81760,,
,91734,,81761,,
,91807,,81782,,
,9187,,81805,,
,9194,,81821,,
,9197,,81826,,
,9200,,81829,,
,92086,,81869,,
,9217,,81919,,
,9218,,81924,,
,9227,,81925,,
,92292,,83466,,
,92370,,83470,,
,9245,,83471,,
,92483,,83472,,
,9249,,83500,,
,92579,,83503,,
,92745,,83504,,
,9276,,83505,,
,92935,,83509,,
,9296,,83511,,
,93010,,83512,,
,93034,,83522,,
,93100,,83523,,
,93183,,83534,,
,9333,,83537,,
,9334,,83569,,
,9348,,83572,,
,93492,,83578,,
,9356,,83581,,
,9365,,83582,,
,93650,,83585,,
,9374,,83612,,
,9376,,83626,,
,9377,,83629,,
,9380,,83688,,
,9388,,83782,,
,9394,,83783,,
,9397,,83784,,
,93979,,83791,,
,94005,,83792,,
,94033,,83808,,
,9415,,83817,,
,9420,,83842,,
,9435,,84012,,
,9446,,84013,,
,9453,,84018,,
,9468,,84024,,
,9469,,84028,,
,948,,84029,,
,9481,,84050,,
,9487,,84114,,
,9488,,84350,,
,9489,,84387,,
,949,,84395,,
,9497,,84396,,
,9498,,84406,,
,95,,84420,,
,9514,,84430,,
,9517,,84431,,
,952,,84468,,
,9520,,84470,,
,9524,,84481,,
,953,,84484,,
,9533,,84487,,
,9536,,84493,,
,954,,84497,,
,955,,84511,,
,9550,,84550,,
,9551,,84551,,
,956,,84575,,
,9562,,84596,,
,9563,,84597,,
,957,,84683,,
,9577,,85238,,
,9583,,85239,,
,9588,,85240,,
,9601,,85241,,
,9615,,85242,,
,9619,,85243,,
,9653,,85249,,
,9663,,85254,,
,9677,,85255,,
,97,,85256,,
,9754,,85260,,
,978,,85262,,
,9789,,85263,,
,9791,,85264,,
,98,,85267,,
,9807,,85269,,
,9843,,85333,,
,9856,,85421,,
,9890,,85426,,
,9896,,85472,,
,9914,,85496,,
,9917,,89776,,
,9942,,89784,,
,9945,,89789,,
,9951,,89812,,
,9953,,89813,,
,9955,,89824,,
,9956,,89826,,
,9957,,89833,,
,9962,,89841,,
,9963,,94167,,
,9990,,94170,,
,,,94172,,
,,,94173,,
,,,94194,,
,,,94199,,
,,,94267,,
,,,94271,,
,,,94273,,
,,,94338,,
,,,94340,,
